{
  "kem": {
    "enc_med": 2.9223499950603582e-05,
    "dec_med": 2.636499993968755e-05,
    "mac_med": 2.4339999527001055e-06,
    "macv_med": 2.4715000108699314e-06,
    "ct_len_med": 768.0,
    "tag_len_med": 32.0,
    "success_rate": 1.0
  },
  "sig": {
    "sign_med": 6.603550002637348e-05,
    "verify_med": 3.121899993143337e-05,
    "sig_len_med": 2420.0,
    "success_rate": 1.0
  }
}
